{
  "x_spacing": 0.779296875,
  "y_spacing": 0.779296875,
  "z_spacing": 5.0,
  "num_images": 32
}