{
  "x_spacing": 0.650390625,
  "y_spacing": 0.650390625,
  "z_spacing": 2.5,
  "num_images": 178
}