{
  "x_spacing": 0.91015625,
  "y_spacing": 0.91015625,
  "z_spacing": 0.5,
  "num_images": 787
}