{
  "x_spacing": 0.75390625,
  "y_spacing": 0.75390625,
  "z_spacing": 5.0,
  "num_images": 131
}