{
  "x_spacing": 0.6894530057907104,
  "y_spacing": 0.6894530057907104,
  "z_spacing": 2.5,
  "num_images": 96
}