{
  "x_spacing": 0.86328125,
  "y_spacing": 0.86328125,
  "z_spacing": 5.0,
  "num_images": 125
}