{
  "x_spacing": 0.953125,
  "y_spacing": 0.953125,
  "z_spacing": 1.0,
  "num_images": 505
}