{
  "x_spacing": 0.859375,
  "y_spacing": 0.859375,
  "z_spacing": 3.0,
  "num_images": 164
}