{
  "x_spacing": 0.763671875,
  "y_spacing": 0.763671875,
  "z_spacing": 1.0,
  "num_images": 491
}