{
  "x_spacing": 0.73828125,
  "y_spacing": 0.73828125,
  "z_spacing": 0.5,
  "num_images": 683
}