{
  "x_spacing": 0.9609375,
  "y_spacing": 0.9609375,
  "z_spacing": 2.5,
  "num_images": 68
}