{
  "x_spacing": 0.7409999966621399,
  "y_spacing": 0.7409999966621399,
  "z_spacing": 5.0,
  "num_images": 85
}