{
  "x_spacing": 0.83203125,
  "y_spacing": 0.83203125,
  "z_spacing": 1.0,
  "num_images": 285
}