{
  "x_spacing": 0.87109375,
  "y_spacing": 0.87109375,
  "z_spacing": 5.0,
  "num_images": 59
}