{
  "x_spacing": 0.833984375,
  "y_spacing": 0.833984375,
  "z_spacing": 0.5,
  "num_images": 541
}