{
  "x_spacing": 0.771484375,
  "y_spacing": 0.771484375,
  "z_spacing": 0.5,
  "num_images": 512
}