{
  "x_spacing": 0.7699999809265137,
  "y_spacing": 0.7699999809265137,
  "z_spacing": 3.0,
  "num_images": 107
}