{
  "x_spacing": 0.7421875,
  "y_spacing": 0.7421875,
  "z_spacing": 5.0,
  "num_images": 146
}