{
  "x_spacing": 0.7820000052452087,
  "y_spacing": 0.7820000052452087,
  "z_spacing": 3.0,
  "num_images": 107
}