{
  "x_spacing": 0.734375,
  "y_spacing": 0.734375,
  "z_spacing": 5.0,
  "num_images": 143
}