{
  "x_spacing": 0.5370000004768372,
  "y_spacing": 0.5370000004768372,
  "z_spacing": 3.0,
  "num_images": 60
}