{
  "x_spacing": 0.732421875,
  "y_spacing": 0.732421875,
  "z_spacing": 5.0,
  "num_images": 57
}