{
  "x_spacing": 0.80859375,
  "y_spacing": 0.80859375,
  "z_spacing": 3.0,
  "num_images": 77
}