{
  "x_spacing": 0.7109375,
  "y_spacing": 0.7109375,
  "z_spacing": 1.0,
  "num_images": 598
}