{
  "x_spacing": 0.666015625,
  "y_spacing": 0.666015625,
  "z_spacing": 5.0,
  "num_images": 88
}