{
  "x_spacing": 0.95703125,
  "y_spacing": 0.95703125,
  "z_spacing": 0.5,
  "num_images": 673
}