{
  "x_spacing": 0.650390625,
  "y_spacing": 0.650390625,
  "z_spacing": 5.0,
  "num_images": 41
}