{
  "x_spacing": 0.849609375,
  "y_spacing": 0.849609375,
  "z_spacing": 1.0,
  "num_images": 439
}