{
  "x_spacing": 0.7734375,
  "y_spacing": 0.7734375,
  "z_spacing": 0.5,
  "num_images": 553
}