{
  "x_spacing": 0.705078125,
  "y_spacing": 0.705078125,
  "z_spacing": 5.0,
  "num_images": 88
}