{
  "x_spacing": 0.80078125,
  "y_spacing": 0.80078125,
  "z_spacing": 5.0,
  "num_images": 96
}