{
  "x_spacing": 0.7890625,
  "y_spacing": 0.7890625,
  "z_spacing": 0.5,
  "num_images": 735
}