{
  "x_spacing": 0.7379999756813049,
  "y_spacing": 0.7379999756813049,
  "z_spacing": 3.0,
  "num_images": 172
}