{
  "x_spacing": 0.798828125,
  "y_spacing": 0.798828125,
  "z_spacing": 3.0,
  "num_images": 163
}