{
  "x_spacing": 0.6640625,
  "y_spacing": 0.6640625,
  "z_spacing": 5.0,
  "num_images": 97
}