{
  "x_spacing": 0.958984375,
  "y_spacing": 0.958984375,
  "z_spacing": 5.0,
  "num_images": 94
}