{
  "x_spacing": 0.751953125,
  "y_spacing": 0.751953125,
  "z_spacing": 0.5,
  "num_images": 624
}