{
  "x_spacing": 0.703125,
  "y_spacing": 0.703125,
  "z_spacing": 0.5,
  "num_images": 626
}