{
  "x_spacing": 0.8789060115814209,
  "y_spacing": 0.8789060115814209,
  "z_spacing": 2.5,
  "num_images": 206
}