{
  "x_spacing": 0.94921875,
  "y_spacing": 0.94921875,
  "z_spacing": 3.0,
  "num_images": 479
}