{
  "x_spacing": 0.791015625,
  "y_spacing": 0.791015625,
  "z_spacing": 2.5,
  "num_images": 197
}