{
  "x_spacing": 0.9765625,
  "y_spacing": 0.9765625,
  "z_spacing": 3.0,
  "num_images": 94
}