{
  "x_spacing": 0.818359375,
  "y_spacing": 0.818359375,
  "z_spacing": 3.0,
  "num_images": 178
}