{
  "x_spacing": 0.755859375,
  "y_spacing": 0.755859375,
  "z_spacing": 5.0,
  "num_images": 141
}