{
  "x_spacing": 0.85546875,
  "y_spacing": 0.85546875,
  "z_spacing": 3.0,
  "num_images": 167
}