{
  "x_spacing": 0.763671875,
  "y_spacing": 0.763671875,
  "z_spacing": 5.0,
  "num_images": 98
}