{
  "x_spacing": 0.5180000066757202,
  "y_spacing": 0.5180000066757202,
  "z_spacing": 3.0,
  "num_images": 117
}