{
  "x_spacing": 0.8359375,
  "y_spacing": 0.8359375,
  "z_spacing": 0.5,
  "num_images": 683
}