{
  "x_spacing": 0.837890625,
  "y_spacing": 0.837890625,
  "z_spacing": 0.5,
  "num_images": 634
}