{
  "x_spacing": 0.962890625,
  "y_spacing": 0.962890625,
  "z_spacing": 1.0,
  "num_images": 326
}