{
  "x_spacing": 0.677734375,
  "y_spacing": 0.677734375,
  "z_spacing": 3.0,
  "num_images": 52
}