{
  "x_spacing": 0.9765620231628418,
  "y_spacing": 0.9765620231628418,
  "z_spacing": 5.0,
  "num_images": 29
}