{
  "x_spacing": 0.919921875,
  "y_spacing": 0.919921875,
  "z_spacing": 0.5,
  "num_images": 564
}