{
  "x_spacing": 0.6859999895095825,
  "y_spacing": 0.6859999895095825,
  "z_spacing": 5.0,
  "num_images": 79
}