{
  "x_spacing": 0.77734375,
  "y_spacing": 0.77734375,
  "z_spacing": 5.0,
  "num_images": 82
}