{
  "x_spacing": 0.7070310115814209,
  "y_spacing": 0.7070310115814209,
  "z_spacing": 5.0,
  "num_images": 105
}