{
  "x_spacing": 0.810546875,
  "y_spacing": 0.810546875,
  "z_spacing": 0.5,
  "num_images": 538
}