{
  "x_spacing": 0.8984379768371582,
  "y_spacing": 0.8984379768371582,
  "z_spacing": 1.25,
  "num_images": 383
}