{
  "x_spacing": 0.6679999828338623,
  "y_spacing": 0.6679999828338623,
  "z_spacing": 3.0,
  "num_images": 159
}