{
  "x_spacing": 0.81640625,
  "y_spacing": 0.81640625,
  "z_spacing": 1.0,
  "num_images": 266
}