{
  "x_spacing": 0.7578125,
  "y_spacing": 0.7578125,
  "z_spacing": 5.0,
  "num_images": 79
}