{
  "x_spacing": 0.75390625,
  "y_spacing": 0.75390625,
  "z_spacing": 1.0,
  "num_images": 250
}