{
  "x_spacing": 0.765625,
  "y_spacing": 0.765625,
  "z_spacing": 0.5,
  "num_images": 719
}