{
  "x_spacing": 0.767578125,
  "y_spacing": 0.767578125,
  "z_spacing": 3.0,
  "num_images": 76
}