{
  "x_spacing": 0.9121090173721313,
  "y_spacing": 0.9121090173721313,
  "z_spacing": 2.5,
  "num_images": 235
}