{
  "x_spacing": 0.693359375,
  "y_spacing": 0.693359375,
  "z_spacing": 5.0,
  "num_images": 99
}