{
  "x_spacing": 0.865234375,
  "y_spacing": 0.865234375,
  "z_spacing": 5.0,
  "num_images": 51
}