{
  "x_spacing": 0.7421875,
  "y_spacing": 0.7421875,
  "z_spacing": 4.0,
  "num_images": 103
}