{
  "x_spacing": 0.703125,
  "y_spacing": 0.703125,
  "z_spacing": 1.25,
  "num_images": 233
}