{
  "x_spacing": 0.7409999966621399,
  "y_spacing": 0.7409999966621399,
  "z_spacing": 3.0,
  "num_images": 137
}