{
  "x_spacing": 0.7167969942092896,
  "y_spacing": 0.7167969942092896,
  "z_spacing": 5.0,
  "num_images": 84
}