{
  "x_spacing": 0.9042969942092896,
  "y_spacing": 0.9042969942092896,
  "z_spacing": 3.75,
  "num_images": 75
}