{
  "x_spacing": 0.87890625,
  "y_spacing": 0.87890625,
  "z_spacing": 5.0,
  "num_images": 101
}