{
  "x_spacing": 0.7773439884185791,
  "y_spacing": 0.7773439884185791,
  "z_spacing": 2.5,
  "num_images": 175
}