{
  "x_spacing": 0.6640625,
  "y_spacing": 0.6640625,
  "z_spacing": 2.5,
  "num_images": 165
}