{
  "x_spacing": 0.80859375,
  "y_spacing": 0.80859375,
  "z_spacing": 1.0,
  "num_images": 304
}