{
  "x_spacing": 0.93359375,
  "y_spacing": 0.93359375,
  "z_spacing": 1.5,
  "num_images": 314
}