{
  "x_spacing": 0.671875,
  "y_spacing": 0.671875,
  "z_spacing": 0.5,
  "num_images": 433
}