{
  "x_spacing": 0.966796875,
  "y_spacing": 0.966796875,
  "z_spacing": 5.0,
  "num_images": 101
}