{
  "x_spacing": 0.884765625,
  "y_spacing": 0.884765625,
  "z_spacing": 5.0,
  "num_images": 89
}