{
  "x_spacing": 0.939453125,
  "y_spacing": 0.939453125,
  "z_spacing": 3.0,
  "num_images": 61
}