{
  "x_spacing": 0.94140625,
  "y_spacing": 0.94140625,
  "z_spacing": 5.0,
  "num_images": 107
}