{
  "x_spacing": 0.78515625,
  "y_spacing": 0.78515625,
  "z_spacing": 1.0,
  "num_images": 258
}