{
  "x_spacing": 0.673828125,
  "y_spacing": 0.673828125,
  "z_spacing": 5.0,
  "num_images": 88
}