{
  "x_spacing": 0.6796875,
  "y_spacing": 0.6796875,
  "z_spacing": 1.0,
  "num_images": 365
}