{
  "x_spacing": 0.8119999766349792,
  "y_spacing": 0.8119999766349792,
  "z_spacing": 5.0,
  "num_images": 87
}