{
  "x_spacing": 0.7578125,
  "y_spacing": 0.7578125,
  "z_spacing": 3.0,
  "num_images": 50
}