{
  "x_spacing": 0.970703125,
  "y_spacing": 0.970703125,
  "z_spacing": 5.0,
  "num_images": 60
}