{
  "x_spacing": 0.70703125,
  "y_spacing": 0.70703125,
  "z_spacing": 5.0,
  "num_images": 90
}