{
  "x_spacing": 0.6484375,
  "y_spacing": 0.6484375,
  "z_spacing": 5.0,
  "num_images": 80
}