{
  "x_spacing": 0.5859379768371582,
  "y_spacing": 0.5859379768371582,
  "z_spacing": 2.5,
  "num_images": 76
}