{
  "x_spacing": 0.984000027179718,
  "y_spacing": 0.984000027179718,
  "z_spacing": 3.0,
  "num_images": 151
}