{
  "x_spacing": 0.7421875,
  "y_spacing": 0.7421875,
  "z_spacing": 3.0,
  "num_images": 87
}