{
  "x_spacing": 0.7753909826278687,
  "y_spacing": 0.7753909826278687,
  "z_spacing": 5.0,
  "num_images": 83
}