{
  "x_spacing": 0.73046875,
  "y_spacing": 0.73046875,
  "z_spacing": 5.0,
  "num_images": 107
}