{
  "x_spacing": 0.673828125,
  "y_spacing": 0.673828125,
  "z_spacing": 0.800000011920929,
  "num_images": 177
}