{
  "x_spacing": 0.8691409826278687,
  "y_spacing": 0.8691409826278687,
  "z_spacing": 1.25,
  "num_images": 389
}