{
  "x_spacing": 0.7421875,
  "y_spacing": 0.7421875,
  "z_spacing": 2.5,
  "num_images": 109
}