{
  "x_spacing": 0.873046875,
  "y_spacing": 0.873046875,
  "z_spacing": 3.0,
  "num_images": 162
}