{
  "x_spacing": 0.7421879768371582,
  "y_spacing": 0.7421879768371582,
  "z_spacing": 1.25,
  "num_images": 349
}