{
  "x_spacing": 0.853515625,
  "y_spacing": 0.853515625,
  "z_spacing": 5.0,
  "num_images": 51
}