{
  "x_spacing": 0.765999972820282,
  "y_spacing": 0.765999972820282,
  "z_spacing": 5.0,
  "num_images": 91
}