{
  "x_spacing": 0.62109375,
  "y_spacing": 0.62109375,
  "z_spacing": 5.0,
  "num_images": 83
}