{
  "x_spacing": 0.859375,
  "y_spacing": 0.859375,
  "z_spacing": 0.5,
  "num_images": 527
}