{
  "x_spacing": 0.7265625,
  "y_spacing": 0.7265625,
  "z_spacing": 1.0,
  "num_images": 411
}