{
  "x_spacing": 0.8203120231628418,
  "y_spacing": 0.8203120231628418,
  "z_spacing": 2.5,
  "num_images": 103
}