{
  "x_spacing": 0.7400000095367432,
  "y_spacing": 0.7400000095367432,
  "z_spacing": 5.0,
  "num_images": 102
}