{
  "x_spacing": 0.91796875,
  "y_spacing": 0.91796875,
  "z_spacing": 5.0,
  "num_images": 92
}