{
  "x_spacing": 0.7421875,
  "y_spacing": 0.7421875,
  "z_spacing": 2.0,
  "num_images": 113
}