{
  "x_spacing": 0.896484375,
  "y_spacing": 0.896484375,
  "z_spacing": 5.0,
  "num_images": 101
}