{
  "x_spacing": 0.9760000109672546,
  "y_spacing": 0.9760000109672546,
  "z_spacing": 3.0,
  "num_images": 149
}