{
  "x_spacing": 0.736328125,
  "y_spacing": 0.736328125,
  "z_spacing": 3.0,
  "num_images": 69
}