{
  "x_spacing": 0.7792969942092896,
  "y_spacing": 0.7792969942092896,
  "z_spacing": 2.5,
  "num_images": 189
}