{
  "x_spacing": 0.89453125,
  "y_spacing": 0.89453125,
  "z_spacing": 0.5,
  "num_images": 723
}