{
  "x_spacing": 0.7890620231628418,
  "y_spacing": 0.7890620231628418,
  "z_spacing": 2.5,
  "num_images": 199
}