{
  "x_spacing": 0.8457030057907104,
  "y_spacing": 0.8457030057907104,
  "z_spacing": 2.5,
  "num_images": 69
}