{
  "x_spacing": 0.8730000257492065,
  "y_spacing": 0.8730000257492065,
  "z_spacing": 5.0,
  "num_images": 103
}