{
  "x_spacing": 0.951171875,
  "y_spacing": 0.951171875,
  "z_spacing": 5.0,
  "num_images": 103
}