{
  "x_spacing": 0.861328125,
  "y_spacing": 0.861328125,
  "z_spacing": 3.0,
  "num_images": 95
}