{
  "x_spacing": 0.734375,
  "y_spacing": 0.734375,
  "z_spacing": 2.5,
  "num_images": 244
}