{
  "x_spacing": 0.7549999952316284,
  "y_spacing": 0.7549999952316284,
  "z_spacing": 5.0,
  "num_images": 101
}