{
  "x_spacing": 0.76171875,
  "y_spacing": 0.76171875,
  "z_spacing": 5.0,
  "num_images": 91
}