{
  "x_spacing": 0.72265625,
  "y_spacing": 0.72265625,
  "z_spacing": 5.0,
  "num_images": 88
}