{
  "x_spacing": 0.873046875,
  "y_spacing": 0.873046875,
  "z_spacing": 5.0,
  "num_images": 92
}