{
  "x_spacing": 0.732421875,
  "y_spacing": 0.732421875,
  "z_spacing": 2.5,
  "num_images": 269
}