{
  "x_spacing": 0.822265625,
  "y_spacing": 0.822265625,
  "z_spacing": 3.0,
  "num_images": 80
}