{
  "x_spacing": 0.869140625,
  "y_spacing": 0.869140625,
  "z_spacing": 3.0,
  "num_images": 145
}