{
  "x_spacing": 0.892578125,
  "y_spacing": 0.892578125,
  "z_spacing": 3.0,
  "num_images": 153
}