{
  "x_spacing": 0.82421875,
  "y_spacing": 0.82421875,
  "z_spacing": 1.0,
  "num_images": 470
}