{
  "x_spacing": 0.921875,
  "y_spacing": 0.921875,
  "z_spacing": 3.0,
  "num_images": 165
}