{
  "x_spacing": 0.8203125,
  "y_spacing": 0.8203125,
  "z_spacing": 5.0,
  "num_images": 131
}