{
  "x_spacing": 0.8223433494567871,
  "y_spacing": 0.8223433494567871,
  "z_spacing": 3.0,
  "num_images": 210
}