{
  "x_spacing": 0.7734375,
  "y_spacing": 0.7734375,
  "z_spacing": 1.0,
  "num_images": 636
}