{
  "x_spacing": 0.82421875,
  "y_spacing": 0.82421875,
  "z_spacing": 0.5,
  "num_images": 743
}