{
  "x_spacing": 0.8632810115814209,
  "y_spacing": 0.8632810115814209,
  "z_spacing": 1.25,
  "num_images": 445
}