{
  "x_spacing": 0.828125,
  "y_spacing": 0.828125,
  "z_spacing": 0.5,
  "num_images": 665
}