{
  "x_spacing": 0.8496090173721313,
  "y_spacing": 0.8496090173721313,
  "z_spacing": 2.5,
  "num_images": 186
}