{
  "x_spacing": 0.751953125,
  "y_spacing": 0.751953125,
  "z_spacing": 5.0,
  "num_images": 89
}