{
  "x_spacing": 0.947265625,
  "y_spacing": 0.947265625,
  "z_spacing": 3.0,
  "num_images": 61
}