{
  "x_spacing": 0.8671875,
  "y_spacing": 0.8671875,
  "z_spacing": 5.0,
  "num_images": 42
}