{
  "x_spacing": 0.779296875,
  "y_spacing": 0.779296875,
  "z_spacing": 3.0,
  "num_images": 129
}