{
  "x_spacing": 0.70703125,
  "y_spacing": 0.70703125,
  "z_spacing": 1.5,
  "num_images": 195
}