{
  "x_spacing": 0.8515625,
  "y_spacing": 0.8515625,
  "z_spacing": 0.5,
  "num_images": 548
}