{
  "x_spacing": 0.859375,
  "y_spacing": 0.859375,
  "z_spacing": 5.0,
  "num_images": 145
}