{
  "x_spacing": 1.0410000085830688,
  "y_spacing": 1.0410000085830688,
  "z_spacing": 5.0,
  "num_images": 85
}