{
  "x_spacing": 0.7139999866485596,
  "y_spacing": 0.7139999866485596,
  "z_spacing": 3.0,
  "num_images": 103
}