{
  "x_spacing": 0.69921875,
  "y_spacing": 0.69921875,
  "z_spacing": 1.0,
  "num_images": 238
}