{
  "x_spacing": 0.451171875,
  "y_spacing": 0.451171875,
  "z_spacing": 1.0,
  "num_images": 252
}