{
  "x_spacing": 0.689453125,
  "y_spacing": 0.689453125,
  "z_spacing": 5.0,
  "num_images": 86
}